category,tag,co_count
Autos & Vehicles,doug demuro,83
Autos & Vehicles,demuro,63
Autos & Vehicles,turbo,51
Autos & Vehicles,diy,48
Autos & Vehicles,car,35
Autos & Vehicles,how to,28
Autos & Vehicles,1jz,27
Autos & Vehicles,mods,26
Autos & Vehicles,nissan,26
Autos & Vehicles,race,25
Autos & Vehicles,how,25
Autos & Vehicles,to,25
Autos & Vehicles,2jz,25
Autos & Vehicles,lamborghini,24
Autos & Vehicles,supercharged,24
Autos & Vehicles,ferrari,24
Autos & Vehicles,moog,23
Autos & Vehicles,yourself,23
Autos & Vehicles,mercedes,23
Autos & Vehicles,marty,23
Autos & Vehicles,welding,23
Autos & Vehicles,subaru,23
Autos & Vehicles,it,23
Autos & Vehicles,jdm,23
Autos & Vehicles,do,23
Autos & Vehicles,mighty,23
Autos & Vehicles,amg,22
Autos & Vehicles,v8,22
Autos & Vehicles,bmw,22
Autos & Vehicles,drift,22
Autos & Vehicles,review,20
Autos & Vehicles,mightycarmods,20
Autos & Vehicles,toyota,20
Autos & Vehicles,tutorial,20
Autos & Vehicles,cheap,20
Autos & Vehicles,chrisfix,19
Autos & Vehicles,v12,19
Autos & Vehicles,aston martin,19
Autos & Vehicles,tools,19
Autos & Vehicles,v10,19
Autos & Vehicles,budget,19
Autos & Vehicles,wrench everyday,18
Autos & Vehicles,roadkill,18
Autos & Vehicles,v6,18
Autos & Vehicles,hyundai,18
Autos & Vehicles,m113k,18
Autos & Vehicles,adam lz,18
Autos & Vehicles,sw20,18
Autos & Vehicles,jalopnik,18
Autos & Vehicles,motor trend,18
Autos & Vehicles,quick jack,18
Autos & Vehicles,sl55,18
Autos & Vehicles,vantage,18
Autos & Vehicles,r231,18
Autos & Vehicles,supra,18
Autos & Vehicles,r230,18
Autos & Vehicles,tavarish,18
Autos & Vehicles,hoovies garage,18
Autos & Vehicles,bendpak,18
Autos & Vehicles,gallardo,18
Autos & Vehicles,mr2,18
Autos & Vehicles,2 post,18
Autos & Vehicles,lift,18
Autos & Vehicles,4 post,18
Autos & Vehicles,hack,18
Autos & Vehicles,3sgte,18
Autos & Vehicles,install,17
Autos & Vehicles,drifting,17
Autos & Vehicles,Cars,15
Autos & Vehicles,tesla,13
Autos & Vehicles,cars,13
Autos & Vehicles,Automotive,13
Autos & Vehicles,build,12
Autos & Vehicles,hoonigan,12
Autos & Vehicles,exhaust,11
Comedy,funny,1104
Comedy,comedy,1058
Comedy,humor,572
Comedy,NBC,364
Comedy,NBC TV,361
Comedy,Funny,312
Comedy,funny video,309
Comedy,talk show,296
Comedy,video,295
Comedy,clip,293
Comedy,comedic,286
Comedy,jokes,239
Comedy,snl,235
Comedy,interview,232
Comedy,show,230
Comedy,celebrities,223
Comedy,funny videos,221
Comedy,sketch,218
Comedy,comedy sketches,215
Comedy,tonight,214
Comedy,talent,214
Comedy,variety,213
Comedy,Fallon monologue,213
Comedy,Fallon Stand-up,213
Comedy,Television,213
